[{"model": "foodcartapp.restaurant", "pk": 1, "fields": {"name": "Star Burger Арбат", "address": "Москва, ул. Новый Арбат, 15", "contact_phone": "+7 (967) 157-44-13"}}, {"model": "foodcartapp.restaurant", "pk": 2, "fields": {"name": "Star Burger Цветной", "address": "Москва, Цветной бульвар, 11с2", "contact_phone": "+7 (929) 949-55-36"}}, {"model": "foodcartapp.restaurant", "pk": 3, "fields": {"name": "Star Burger Европейский", "address": "Москва, пл. Киевского Вокзала, 2", "contact_phone": "+7 (929) 680-47-58"}}, {"model": "foodcartapp.productcategory", "pk": 1, "fields": {"name": "Бургер"}}, {"model": "foodcartapp.productcategory", "pk": 2, "fields": {"name": "Ролл"}}, {"model": "foodcartapp.product", "pk": 1, "fields": {"name": "Стейкхаус", "category": 1, "price": "279.00", "image": "steak.jpg", "special_status": false, "description": "Стейкхаус – это сочетание нашей фирменной, приготовленной на огне 100% говядины с ломтиками бекона и соусом «Барбекю», майонезом, листьями свежего салата, помидором и хрустящим луком на воздушной було"}}, {"model": "foodcartapp.product", "pk": 2, "fields": {"name": "Лонг Чизбургер", "category": 1, "price": "219.00", "image": "long_chiz.jpg", "special_status": false, "description": "Лонг Чизбургер – эталон в коллекции чизбургеров! Два приготовленных на огне бифштекса с двумя ломтиками слегка расплавленного сыра, хрустящими огурчиками, рубленым луком, горчицей и кетчупом на длинно"}}, {"model": "foodcartapp.product", "pk": 3, "fields": {"name": "Тройной Воппер", "category": 1, "price": "369.00", "image": "triple_vopper.jpg", "special_status": false, "description": "ВОППЕР® — это вкуснейшая приготовленная на огне 100% говядина с сочными помидорами, свежим нарезанным листовым салатом, густым майонезом, хрустящими маринованными огурчиками и свежим луком на нежной б"}}, {"model": "foodcartapp.product", "pk": 4, "fields": {"name": "Беконайзер", "category": 1, "price": "319.00", "image": "beconizer.jpg", "special_status": false, "description": "Встречай самый внушительный бургер в коллекции Бургер Кинг. Много мяса, много бекона и много сыра - все, как ты любишь, и ничего лишнего!"}}, {"model": "foodcartapp.product", "pk": 5, "fields": {"name": "Фиш Ролл", "category": 2, "price": "199.00", "image": "fish_roll.jpg", "special_status": false, "description": "Наш новый ролл с аппетитной котлеткой из филе белой рыбы, с фирменным соусом, маринованными огурчиками и хрустящим салатом. Легкое рыбное удовольствие!"}}, {"model": "foodcartapp.product", "pk": 6, "fields": {"name": "Шримп Ролл", "category": 2, "price": "209.00", "image": "shrimp_roll.jpg", "special_status": false, "description": "Легкий ролл с нежными королевскими креветками в хрустящей панировке, свежий салат Айсберг и ломтик сыра в пшеничной лепешке под фирменным соусом «Кинг». Внимание! Блюдо содержит аллергены – морепродук"}}, {"model": "foodcartapp.restaurantmenuitem", "pk": 1, "fields": {"restaurant": 1, "product": 1, "availability": true}}, {"model": "foodcartapp.restaurantmenuitem", "pk": 2, "fields": {"restaurant": 3, "product": 6, "availability": true}}, {"model": "foodcartapp.restaurantmenuitem", "pk": 3, "fields": {"restaurant": 1, "product": 2, "availability": true}}, {"model": "foodcartapp.restaurantmenuitem", "pk": 4, "fields": {"restaurant": 3, "product": 2, "availability": true}}, {"model": "foodcartapp.orderproduct", "pk": 11, "fields": {"order": 24, "product": 2, "quantity": 100, "price": "219.00"}}, {"model": "foodcartapp.orderproduct", "pk": 12, "fields": {"order": 25, "product": 1, "quantity": 1, "price": "269.00"}}, {"model": "foodcartapp.orderproduct", "pk": 13, "fields": {"order": 25, "product": 6, "quantity": 5, "price": "209.00"}}, {"model": "foodcartapp.orderproduct", "pk": 14, "fields": {"order": 26, "product": 1, "quantity": 1, "price": "269.01"}}, {"model": "foodcartapp.orderproduct", "pk": 15, "fields": {"order": 27, "product": 1, "quantity": 1, "price": "269.00"}}, {"model": "foodcartapp.orderproduct", "pk": 16, "fields": {"order": 28, "product": 1, "quantity": 1, "price": "269.00"}}, {"model": "foodcartapp.orderproduct", "pk": 17, "fields": {"order": 29, "product": 1, "quantity": 1, "price": "269.00"}}, {"model": "foodcartapp.orderproduct", "pk": 18, "fields": {"order": 30, "product": 1, "quantity": 1, "price": "269.00"}}, {"model": "foodcartapp.orderproduct", "pk": 19, "fields": {"order": 31, "product": 1, "quantity": 1, "price": "269.00"}}, {"model": "foodcartapp.orderproduct", "pk": 20, "fields": {"order": 32, "product": 1, "quantity": 1, "price": "269.00"}}, {"model": "foodcartapp.orderproduct", "pk": 21, "fields": {"order": 33, "product": 1, "quantity": 1, "price": "269.00"}}, {"model": "foodcartapp.orderproduct", "pk": 22, "fields": {"order": 34, "product": 1, "quantity": 1, "price": "269.00"}}, {"model": "foodcartapp.orderproduct", "pk": 23, "fields": {"order": 35, "product": 1, "quantity": 1, "price": "269.00"}}, {"model": "foodcartapp.orderproduct", "pk": 24, "fields": {"order": 36, "product": 1, "quantity": 1, "price": "269.00"}}, {"model": "foodcartapp.orderproduct", "pk": 25, "fields": {"order": 37, "product": 1, "quantity": 1, "price": "269.00"}}, {"model": "foodcartapp.orderproduct", "pk": 26, "fields": {"order": 38, "product": 1, "quantity": 1, "price": "269.00"}}, {"model": "foodcartapp.orderproduct", "pk": 27, "fields": {"order": 39, "product": 1, "quantity": 1, "price": "269.00"}}, {"model": "foodcartapp.orderproduct", "pk": 28, "fields": {"order": 40, "product": 1, "quantity": 1, "price": "269.00"}}, {"model": "foodcartapp.orderproduct", "pk": 29, "fields": {"order": 41, "product": 1, "quantity": 1, "price": "269.00"}}, {"model": "foodcartapp.orderproduct", "pk": 30, "fields": {"order": 42, "product": 1, "quantity": 1, "price": "269.00"}}, {"model": "foodcartapp.orderproduct", "pk": 31, "fields": {"order": 43, "product": 1, "quantity": 1, "price": "269.00"}}, {"model": "foodcartapp.orderproduct", "pk": 34, "fields": {"order": 44, "product": 1, "quantity": 1, "price": "279.00"}}, {"model": "foodcartapp.orderproduct", "pk": 35, "fields": {"order": 44, "product": 2, "quantity": 1, "price": "219.00"}}, {"model": "foodcartapp.orderproduct", "pk": 36, "fields": {"order": 44, "product": 6, "quantity": 3, "price": "209.00"}}, {"model": "foodcartapp.orderproduct", "pk": 37, "fields": {"order": 24, "product": 6, "quantity": 1, "price": "200.00"}}, {"model": "foodcartapp.orderproduct", "pk": 38, "fields": {"order": 45, "product": 1, "quantity": 1, "price": "279.00"}}, {"model": "foodcartapp.orderproduct", "pk": 39, "fields": {"order": 45, "product": 2, "quantity": 1, "price": "219.00"}}, {"model": "foodcartapp.orderproduct", "pk": 40, "fields": {"order": 46, "product": 1, "quantity": 1, "price": "279.00"}}, {"model": "foodcartapp.orderproduct", "pk": 41, "fields": {"order": 46, "product": 2, "quantity": 1, "price": "219.00"}}, {"model": "foodcartapp.orderproduct", "pk": 42, "fields": {"order": 47, "product": 1, "quantity": 1, "price": "279.00"}}, {"model": "foodcartapp.orderproduct", "pk": 43, "fields": {"order": 47, "product": 2, "quantity": 1, "price": "219.00"}}, {"model": "foodcartapp.orderproduct", "pk": 44, "fields": {"order": 48, "product": 1, "quantity": 1, "price": "279.00"}}, {"model": "foodcartapp.orderproduct", "pk": 45, "fields": {"order": 48, "product": 2, "quantity": 1, "price": "219.00"}}, {"model": "foodcartapp.orderproduct", "pk": 46, "fields": {"order": 49, "product": 1, "quantity": 1, "price": "279.00"}}, {"model": "foodcartapp.orderproduct", "pk": 47, "fields": {"order": 49, "product": 2, "quantity": 1, "price": "219.00"}}, {"model": "foodcartapp.orderproduct", "pk": 48, "fields": {"order": 50, "product": 1, "quantity": 1, "price": "279.00"}}, {"model": "foodcartapp.orderproduct", "pk": 49, "fields": {"order": 50, "product": 2, "quantity": 1, "price": "219.00"}}, {"model": "foodcartapp.orderproduct", "pk": 50, "fields": {"order": 51, "product": 1, "quantity": 1, "price": "279.00"}}, {"model": "foodcartapp.orderproduct", "pk": 51, "fields": {"order": 51, "product": 2, "quantity": 1, "price": "219.00"}}, {"model": "foodcartapp.orderproduct", "pk": 52, "fields": {"order": 52, "product": 1, "quantity": 1, "price": "279.00"}}, {"model": "foodcartapp.orderproduct", "pk": 53, "fields": {"order": 52, "product": 2, "quantity": 1, "price": "219.00"}}, {"model": "foodcartapp.orderproduct", "pk": 54, "fields": {"order": 53, "product": 1, "quantity": 1, "price": "279.00"}}, {"model": "foodcartapp.orderproduct", "pk": 55, "fields": {"order": 53, "product": 2, "quantity": 1, "price": "219.00"}}, {"model": "foodcartapp.orderproduct", "pk": 56, "fields": {"order": 54, "product": 1, "quantity": 1, "price": "279.00"}}, {"model": "foodcartapp.orderproduct", "pk": 57, "fields": {"order": 54, "product": 2, "quantity": 1, "price": "219.00"}}, {"model": "foodcartapp.orderproduct", "pk": 58, "fields": {"order": 55, "product": 1, "quantity": 1000, "price": "279.00"}}, {"model": "foodcartapp.orderproduct", "pk": 59, "fields": {"order": 55, "product": 2, "quantity": 1, "price": "219.00"}}, {"model": "foodcartapp.order", "pk": 24, "fields": {"firstname": "Ярослав", "lastname": "Ворошилов", "phonenumber": "+79035004868", "address": "Улица Россошанская 13-3, 122", "status": 3, "comment": "срочно, очень", "registered_at": "2023-08-13T14:02:15Z", "called_at": null, "delivered_at": null, "payment_method": 2, "restaurant": 3}}, {"model": "foodcartapp.order", "pk": 25, "fields": {"firstname": "John", "lastname": "Doe", "phonenumber": "+79991235299", "address": "122 Улица Россошанская 13-3", "status": 1, "comment": "", "registered_at": "2023-08-13T14:02:15.865Z", "called_at": null, "delivered_at": null, "payment_method": 1, "restaurant": null}}, {"model": "foodcartapp.order", "pk": 26, "fields": {"firstname": "Василий", "lastname": "Васильевич", "phonenumber": "+79123456789", "address": "Лондон", "status": 1, "comment": "", "registered_at": "2023-08-13T14:02:15.865Z", "called_at": null, "delivered_at": null, "payment_method": 1, "restaurant": null}}, {"model": "foodcartapp.order", "pk": 27, "fields": {"firstname": "Василий", "lastname": "Васильевич", "phonenumber": "+79123456789", "address": "Лондон", "status": 1, "comment": "", "registered_at": "2023-08-13T14:02:15.865Z", "called_at": null, "delivered_at": null, "payment_method": 1, "restaurant": null}}, {"model": "foodcartapp.order", "pk": 28, "fields": {"firstname": "Василий", "lastname": "Васильевич", "phonenumber": "+79123456789", "address": "Лондон", "status": 1, "comment": "", "registered_at": "2023-08-13T14:02:15.865Z", "called_at": null, "delivered_at": null, "payment_method": 1, "restaurant": null}}, {"model": "foodcartapp.order", "pk": 29, "fields": {"firstname": "Василий", "lastname": "Васильевич", "phonenumber": "+79123456789", "address": "Лондон", "status": 1, "comment": "", "registered_at": "2023-08-13T14:02:15.865Z", "called_at": null, "delivered_at": null, "payment_method": 1, "restaurant": null}}, {"model": "foodcartapp.order", "pk": 30, "fields": {"firstname": "Василий", "lastname": "Васильевич", "phonenumber": "+79123456789", "address": "Лондон", "status": 1, "comment": "", "registered_at": "2023-08-13T14:02:15.865Z", "called_at": null, "delivered_at": null, "payment_method": 1, "restaurant": null}}, {"model": "foodcartapp.order", "pk": 31, "fields": {"firstname": "Василий", "lastname": "Васильевич", "phonenumber": "+79123456789", "address": "Лондон", "status": 1, "comment": "", "registered_at": "2023-08-13T14:02:15.865Z", "called_at": null, "delivered_at": null, "payment_method": 1, "restaurant": null}}, {"model": "foodcartapp.order", "pk": 32, "fields": {"firstname": "Василий", "lastname": "Васильевич", "phonenumber": "+79123456789", "address": "Лондон", "status": 1, "comment": "", "registered_at": "2023-08-13T14:02:15.865Z", "called_at": null, "delivered_at": null, "payment_method": 1, "restaurant": null}}, {"model": "foodcartapp.order", "pk": 33, "fields": {"firstname": "Василий", "lastname": "Васильевич", "phonenumber": "+79123456789", "address": "Лондон", "status": 1, "comment": "", "registered_at": "2023-08-13T14:02:15.865Z", "called_at": null, "delivered_at": null, "payment_method": 1, "restaurant": null}}, {"model": "foodcartapp.order", "pk": 34, "fields": {"firstname": "Василий", "lastname": "Васильевич", "phonenumber": "+79123456789", "address": "Лондон", "status": 1, "comment": "", "registered_at": "2023-08-13T14:02:15.865Z", "called_at": null, "delivered_at": null, "payment_method": 1, "restaurant": null}}, {"model": "foodcartapp.order", "pk": 35, "fields": {"firstname": "Василий", "lastname": "Васильевич", "phonenumber": "+79123456789", "address": "Лондон", "status": 1, "comment": "", "registered_at": "2023-08-13T14:02:15.865Z", "called_at": null, "delivered_at": null, "payment_method": 1, "restaurant": null}}, {"model": "foodcartapp.order", "pk": 36, "fields": {"firstname": "Василий", "lastname": "Васильевич", "phonenumber": "+79123456789", "address": "Лондон", "status": 1, "comment": "", "registered_at": "2023-08-13T14:02:15.865Z", "called_at": null, "delivered_at": null, "payment_method": 1, "restaurant": null}}, {"model": "foodcartapp.order", "pk": 37, "fields": {"firstname": "Василий", "lastname": "Васильевич", "phonenumber": "+79123456789", "address": "Лондон", "status": 1, "comment": "", "registered_at": "2023-08-13T14:02:15.865Z", "called_at": null, "delivered_at": null, "payment_method": 1, "restaurant": null}}, {"model": "foodcartapp.order", "pk": 38, "fields": {"firstname": "Василий", "lastname": "Васильевич", "phonenumber": "+79123456789", "address": "Лондон", "status": 1, "comment": "", "registered_at": "2023-08-13T14:02:15.865Z", "called_at": null, "delivered_at": null, "payment_method": 1, "restaurant": null}}, {"model": "foodcartapp.order", "pk": 39, "fields": {"firstname": "Василий", "lastname": "Васильевич", "phonenumber": "+79123456789", "address": "Лондон", "status": 1, "comment": "", "registered_at": "2023-08-13T14:02:15.865Z", "called_at": null, "delivered_at": null, "payment_method": 1, "restaurant": null}}, {"model": "foodcartapp.order", "pk": 40, "fields": {"firstname": "Василий", "lastname": "Васильевич", "phonenumber": "+79123456789", "address": "Лондон", "status": 1, "comment": "", "registered_at": "2023-08-13T14:02:15.865Z", "called_at": null, "delivered_at": null, "payment_method": 1, "restaurant": null}}, {"model": "foodcartapp.order", "pk": 41, "fields": {"firstname": "Василий", "lastname": "Васильевич", "phonenumber": "+79123456789", "address": "Лондон", "status": 1, "comment": "", "registered_at": "2023-08-13T14:02:15.865Z", "called_at": null, "delivered_at": null, "payment_method": 1, "restaurant": null}}, {"model": "foodcartapp.order", "pk": 42, "fields": {"firstname": "Василий", "lastname": "Васильевич", "phonenumber": "+79123456789", "address": "Лондон", "status": 1, "comment": "", "registered_at": "2023-08-13T14:02:15.865Z", "called_at": null, "delivered_at": null, "payment_method": 1, "restaurant": null}}, {"model": "foodcartapp.order", "pk": 43, "fields": {"firstname": "Василилилий", "lastname": "Васильевич", "phonenumber": "+79123456789", "address": "Лондон", "status": 1, "comment": "", "registered_at": "2023-08-13T14:02:15.865Z", "called_at": null, "delivered_at": null, "payment_method": 1, "restaurant": null}}, {"model": "foodcartapp.order", "pk": 44, "fields": {"firstname": "Ярослав", "lastname": "Ворошилов", "phonenumber": "+79035004868", "address": "Улица Россошанская 13-3, 122", "status": 1, "comment": "", "registered_at": "2023-08-13T14:24:16.984Z", "called_at": null, "delivered_at": null, "payment_method": 1, "restaurant": null}}, {"model": "foodcartapp.order", "pk": 45, "fields": {"firstname": "Ярослав", "lastname": "Ворошилов", "phonenumber": "+79035004868", "address": "Улица Россошанская 13-3, 122", "status": 1, "comment": "", "registered_at": "2023-08-19T14:11:23.580Z", "called_at": null, "delivered_at": null, "payment_method": 1, "restaurant": null}}, {"model": "foodcartapp.order", "pk": 46, "fields": {"firstname": "Ярослав", "lastname": "Ворошилов", "phonenumber": "+79035004868", "address": "Улица Россошанская 13-3, 122", "status": 1, "comment": "", "registered_at": "2023-08-19T14:22:37.396Z", "called_at": null, "delivered_at": null, "payment_method": 1, "restaurant": null}}, {"model": "foodcartapp.order", "pk": 47, "fields": {"firstname": "Ярослав", "lastname": "Ворошилов", "phonenumber": "+79035004868", "address": "Улица Россошанская 13-3, 122", "status": 1, "comment": "", "registered_at": "2023-08-19T14:25:31.925Z", "called_at": null, "delivered_at": null, "payment_method": 1, "restaurant": null}}, {"model": "foodcartapp.order", "pk": 48, "fields": {"firstname": "Ярослав", "lastname": "Ворошилов", "phonenumber": "+79035004868", "address": "Улица Россошанская 13-3, 122", "status": 1, "comment": "", "registered_at": "2023-08-19T14:26:15.766Z", "called_at": null, "delivered_at": null, "payment_method": 1, "restaurant": null}}, {"model": "foodcartapp.order", "pk": 49, "fields": {"firstname": "Ярослав", "lastname": "Ворошилов", "phonenumber": "+79035004868", "address": "Улица Россошанская 13-3, 122", "status": 1, "comment": "", "registered_at": "2023-08-19T14:27:27.740Z", "called_at": null, "delivered_at": null, "payment_method": 1, "restaurant": null}}, {"model": "foodcartapp.order", "pk": 50, "fields": {"firstname": "Ярослав", "lastname": "Ворошилов", "phonenumber": "+79035004868", "address": "Улица Россошанская 13-3, 122", "status": 1, "comment": "", "registered_at": "2023-08-19T14:44:24.921Z", "called_at": null, "delivered_at": null, "payment_method": 1, "restaurant": null}}, {"model": "foodcartapp.order", "pk": 51, "fields": {"firstname": "Ярослафф", "lastname": "Ворошилов", "phonenumber": "+79035004868", "address": "Улица Россошанская 13-3, 122", "status": 1, "comment": "", "registered_at": "2023-08-19T14:44:55.384Z", "called_at": null, "delivered_at": null, "payment_method": 1, "restaurant": null}}, {"model": "foodcartapp.order", "pk": 52, "fields": {"firstname": "Ярослав", "lastname": "Ворошилов", "phonenumber": "+79035004868", "address": "Улица Россошанская 13-3, 122", "status": 1, "comment": "", "registered_at": "2023-08-19T15:14:35.178Z", "called_at": null, "delivered_at": null, "payment_method": 1, "restaurant": null}}, {"model": "foodcartapp.order", "pk": 53, "fields": {"firstname": "Ярослав", "lastname": "Ворошилов", "phonenumber": "+79035004868", "address": "Улица Россошанская 13-3, 122", "status": 1, "comment": "", "registered_at": "2023-08-19T15:14:49.212Z", "called_at": null, "delivered_at": null, "payment_method": 1, "restaurant": null}}, {"model": "foodcartapp.order", "pk": 54, "fields": {"firstname": "Ярослав", "lastname": "Ворошилов", "phonenumber": "+79035004868", "address": "Улица Россошанская 13-3, 122", "status": 1, "comment": "", "registered_at": "2023-08-19T15:18:48.658Z", "called_at": null, "delivered_at": null, "payment_method": 1, "restaurant": null}}, {"model": "foodcartapp.order", "pk": 55, "fields": {"firstname": "Ярослав", "lastname": "Ворошилов", "phonenumber": "+79035004868", "address": "Улица Россошанская 13-3, 122", "status": 1, "comment": "", "registered_at": "2023-08-19T15:19:05.762Z", "called_at": null, "delivered_at": null, "payment_method": 1, "restaurant": null}}, {"model": "places.place", "pk": "Лондон", "fields": {"longitude": -0.127696, "latitude": 51.507351, "updated_at": "2023-08-16T13:28:18.682Z"}}, {"model": "places.place", "pk": "Москва, пл. Киевского Вокзала, 2", "fields": {"longitude": 37.566072, "latitude": 55.744637, "updated_at": "2023-08-16T13:28:19.283Z"}}, {"model": "places.place", "pk": "Москва, ул. Новый Арбат, 15", "fields": {"longitude": 37.59242, "latitude": 55.752141, "updated_at": "2023-08-16T13:28:18.320Z"}}, {"model": "places.place", "pk": "Улица Россошанская 13-3, 122", "fields": {"longitude": 37.6153, "latitude": 55.594896, "updated_at": "2023-08-16T13:28:19.620Z"}}, {"model": "admin.logentry", "pk": 1, "fields": {"action_time": "2023-08-07T05:51:50.929Z", "user": 1, "content_type": 2, "object_id": "1", "object_repr": "Star Burger Арбат", "action_flag": 1, "change_message": "[{\"added\": {}}]"}}, {"model": "admin.logentry", "pk": 2, "fields": {"action_time": "2023-08-07T05:52:21.153Z", "user": 1, "content_type": 2, "object_id": "2", "object_repr": "Star Burger Цветной", "action_flag": 1, "change_message": "[{\"added\": {}}]"}}, {"model": "admin.logentry", "pk": 3, "fields": {"action_time": "2023-08-07T05:52:43.692Z", "user": 1, "content_type": 2, "object_id": "3", "object_repr": "Star Burger Европейский", "action_flag": 1, "change_message": "[{\"added\": {}}]"}}, {"model": "admin.logentry", "pk": 4, "fields": {"action_time": "2023-08-07T05:56:37.569Z", "user": 1, "content_type": 4, "object_id": "1", "object_repr": "Бургер", "action_flag": 1, "change_message": "[{\"added\": {}}]"}}, {"model": "admin.logentry", "pk": 5, "fields": {"action_time": "2023-08-07T05:58:20.588Z", "user": 1, "content_type": 1, "object_id": "1", "object_repr": "Стейкхаус", "action_flag": 1, "change_message": "[{\"added\": {}}]"}}, {"model": "admin.logentry", "pk": 6, "fields": {"action_time": "2023-08-07T06:01:12.666Z", "user": 1, "content_type": 1, "object_id": "2", "object_repr": "Лонг Чизбургер", "action_flag": 1, "change_message": "[{\"added\": {}}]"}}, {"model": "admin.logentry", "pk": 7, "fields": {"action_time": "2023-08-07T06:03:37.493Z", "user": 1, "content_type": 1, "object_id": "3", "object_repr": "Тройной Воппер", "action_flag": 1, "change_message": "[{\"added\": {}}]"}}, {"model": "admin.logentry", "pk": 8, "fields": {"action_time": "2023-08-07T06:26:00.693Z", "user": 1, "content_type": 4, "object_id": "2", "object_repr": "Ролл", "action_flag": 1, "change_message": "[{\"added\": {}}]"}}, {"model": "admin.logentry", "pk": 9, "fields": {"action_time": "2023-08-07T06:33:11.949Z", "user": 1, "content_type": 1, "object_id": "4", "object_repr": "Беконайзер", "action_flag": 1, "change_message": "[{\"added\": {}}]"}}, {"model": "admin.logentry", "pk": 10, "fields": {"action_time": "2023-08-07T06:34:19.844Z", "user": 1, "content_type": 1, "object_id": "5", "object_repr": "Фиш Ролл", "action_flag": 1, "change_message": "[{\"added\": {}}]"}}, {"model": "admin.logentry", "pk": 11, "fields": {"action_time": "2023-08-07T06:34:50.565Z", "user": 1, "content_type": 1, "object_id": "6", "object_repr": "Шримп Ролл", "action_flag": 1, "change_message": "[{\"added\": {}}]"}}, {"model": "admin.logentry", "pk": 12, "fields": {"action_time": "2023-08-07T06:36:04.171Z", "user": 1, "content_type": 1, "object_id": "1", "object_repr": "Стейкхаус", "action_flag": 2, "change_message": "[{\"added\": {\"name\": \"\\u043f\\u0443\\u043d\\u043a\\u0442 \\u043c\\u0435\\u043d\\u044e \\u0440\\u0435\\u0441\\u0442\\u043e\\u0440\\u0430\\u043d\\u0430\", \"object\": \"Star Burger \\u0410\\u0440\\u0431\\u0430\\u0442 - \\u0421\\u0442\\u0435\\u0439\\u043a\\u0445\\u0430\\u0443\\u0441\"}}]"}}, {"model": "admin.logentry", "pk": 13, "fields": {"action_time": "2023-08-07T06:37:04.223Z", "user": 1, "content_type": 1, "object_id": "6", "object_repr": "Шримп Ролл", "action_flag": 2, "change_message": "[{\"added\": {\"name\": \"\\u043f\\u0443\\u043d\\u043a\\u0442 \\u043c\\u0435\\u043d\\u044e \\u0440\\u0435\\u0441\\u0442\\u043e\\u0440\\u0430\\u043d\\u0430\", \"object\": \"Star Burger \\u0415\\u0432\\u0440\\u043e\\u043f\\u0435\\u0439\\u0441\\u043a\\u0438\\u0439 - \\u0428\\u0440\\u0438\\u043c\\u043f \\u0420\\u043e\\u043b\\u043b\"}}]"}}, {"model": "admin.logentry", "pk": 14, "fields": {"action_time": "2023-08-07T06:37:26.268Z", "user": 1, "content_type": 1, "object_id": "2", "object_repr": "Лонг Чизбургер", "action_flag": 2, "change_message": "[{\"added\": {\"name\": \"\\u043f\\u0443\\u043d\\u043a\\u0442 \\u043c\\u0435\\u043d\\u044e \\u0440\\u0435\\u0441\\u0442\\u043e\\u0440\\u0430\\u043d\\u0430\", \"object\": \"Star Burger \\u0410\\u0440\\u0431\\u0430\\u0442 - \\u041b\\u043e\\u043d\\u0433 \\u0427\\u0438\\u0437\\u0431\\u0443\\u0440\\u0433\\u0435\\u0440\"}}]"}}, {"model": "admin.logentry", "pk": 15, "fields": {"action_time": "2023-08-08T15:08:24.898Z", "user": 1, "content_type": 12, "object_id": "11", "object_repr": "Order object (11)", "action_flag": 3, "change_message": ""}}, {"model": "admin.logentry", "pk": 16, "fields": {"action_time": "2023-08-08T15:08:24.904Z", "user": 1, "content_type": 12, "object_id": "10", "object_repr": "Order object (10)", "action_flag": 3, "change_message": ""}}, {"model": "admin.logentry", "pk": 17, "fields": {"action_time": "2023-08-08T15:08:24.909Z", "user": 1, "content_type": 12, "object_id": "9", "object_repr": "Order object (9)", "action_flag": 3, "change_message": ""}}, {"model": "admin.logentry", "pk": 18, "fields": {"action_time": "2023-08-08T15:08:24.914Z", "user": 1, "content_type": 12, "object_id": "8", "object_repr": "Order object (8)", "action_flag": 3, "change_message": ""}}, {"model": "admin.logentry", "pk": 19, "fields": {"action_time": "2023-08-08T15:08:24.919Z", "user": 1, "content_type": 12, "object_id": "7", "object_repr": "Order object (7)", "action_flag": 3, "change_message": ""}}, {"model": "admin.logentry", "pk": 20, "fields": {"action_time": "2023-08-08T15:08:24.923Z", "user": 1, "content_type": 12, "object_id": "6", "object_repr": "Order object (6)", "action_flag": 3, "change_message": ""}}, {"model": "admin.logentry", "pk": 21, "fields": {"action_time": "2023-08-08T15:08:24.927Z", "user": 1, "content_type": 12, "object_id": "5", "object_repr": "Order object (5)", "action_flag": 3, "change_message": ""}}, {"model": "admin.logentry", "pk": 22, "fields": {"action_time": "2023-08-08T15:08:24.930Z", "user": 1, "content_type": 12, "object_id": "4", "object_repr": "Order object (4)", "action_flag": 3, "change_message": ""}}, {"model": "admin.logentry", "pk": 23, "fields": {"action_time": "2023-08-08T15:08:24.934Z", "user": 1, "content_type": 12, "object_id": "3", "object_repr": "Order object (3)", "action_flag": 3, "change_message": ""}}, {"model": "admin.logentry", "pk": 24, "fields": {"action_time": "2023-08-08T15:08:24.938Z", "user": 1, "content_type": 12, "object_id": "2", "object_repr": "Order object (2)", "action_flag": 3, "change_message": ""}}, {"model": "admin.logentry", "pk": 25, "fields": {"action_time": "2023-08-08T15:08:24.942Z", "user": 1, "content_type": 12, "object_id": "1", "object_repr": "Order object (1)", "action_flag": 3, "change_message": ""}}, {"model": "admin.logentry", "pk": 26, "fields": {"action_time": "2023-08-10T17:17:30.038Z", "user": 1, "content_type": 12, "object_id": "23", "object_repr": "Order object (23)", "action_flag": 3, "change_message": ""}}, {"model": "admin.logentry", "pk": 27, "fields": {"action_time": "2023-08-10T17:17:30.044Z", "user": 1, "content_type": 12, "object_id": "22", "object_repr": "Order object (22)", "action_flag": 3, "change_message": ""}}, {"model": "admin.logentry", "pk": 28, "fields": {"action_time": "2023-08-10T17:17:30.049Z", "user": 1, "content_type": 12, "object_id": "21", "object_repr": "Order object (21)", "action_flag": 3, "change_message": ""}}, {"model": "admin.logentry", "pk": 29, "fields": {"action_time": "2023-08-10T17:17:30.054Z", "user": 1, "content_type": 12, "object_id": "20", "object_repr": "Order object (20)", "action_flag": 3, "change_message": ""}}, {"model": "admin.logentry", "pk": 30, "fields": {"action_time": "2023-08-10T17:17:30.058Z", "user": 1, "content_type": 12, "object_id": "19", "object_repr": "Order object (19)", "action_flag": 3, "change_message": ""}}, {"model": "admin.logentry", "pk": 31, "fields": {"action_time": "2023-08-10T17:17:30.062Z", "user": 1, "content_type": 12, "object_id": "18", "object_repr": "Order object (18)", "action_flag": 3, "change_message": ""}}, {"model": "admin.logentry", "pk": 32, "fields": {"action_time": "2023-08-10T17:17:30.066Z", "user": 1, "content_type": 12, "object_id": "17", "object_repr": "Order object (17)", "action_flag": 3, "change_message": ""}}, {"model": "admin.logentry", "pk": 33, "fields": {"action_time": "2023-08-10T17:17:30.070Z", "user": 1, "content_type": 12, "object_id": "16", "object_repr": "Order object (16)", "action_flag": 3, "change_message": ""}}, {"model": "admin.logentry", "pk": 34, "fields": {"action_time": "2023-08-10T17:17:30.073Z", "user": 1, "content_type": 12, "object_id": "15", "object_repr": "Order object (15)", "action_flag": 3, "change_message": ""}}, {"model": "admin.logentry", "pk": 35, "fields": {"action_time": "2023-08-10T17:17:30.077Z", "user": 1, "content_type": 12, "object_id": "14", "object_repr": "Order object (14)", "action_flag": 3, "change_message": ""}}, {"model": "admin.logentry", "pk": 36, "fields": {"action_time": "2023-08-10T17:17:30.081Z", "user": 1, "content_type": 12, "object_id": "13", "object_repr": "Order object (13)", "action_flag": 3, "change_message": ""}}, {"model": "admin.logentry", "pk": 37, "fields": {"action_time": "2023-08-10T17:17:30.084Z", "user": 1, "content_type": 12, "object_id": "12", "object_repr": "Order object (12)", "action_flag": 3, "change_message": ""}}, {"model": "admin.logentry", "pk": 38, "fields": {"action_time": "2023-08-11T17:21:12.837Z", "user": 1, "content_type": 12, "object_id": "24", "object_repr": "Order object (24)", "action_flag": 2, "change_message": "[{\"changed\": {\"name\": \"order product\", \"object\": \"OrderProduct object (11)\", \"fields\": [\"\\u041a\\u043e\\u043b\\u0438\\u0447\\u0435\\u0441\\u0442\\u0432\\u043e\"]}}]"}}, {"model": "admin.logentry", "pk": 39, "fields": {"action_time": "2023-08-11T17:21:28.260Z", "user": 1, "content_type": 12, "object_id": "24", "object_repr": "Order object (24)", "action_flag": 2, "change_message": "[{\"changed\": {\"name\": \"order product\", \"object\": \"OrderProduct object (11)\", \"fields\": [\"\\u041a\\u043e\\u043b\\u0438\\u0447\\u0435\\u0441\\u0442\\u0432\\u043e\"]}}]"}}, {"model": "admin.logentry", "pk": 40, "fields": {"action_time": "2023-08-12T10:50:25.681Z", "user": 1, "content_type": 12, "object_id": "50", "object_repr": "Order object (50)", "action_flag": 3, "change_message": ""}}, {"model": "admin.logentry", "pk": 41, "fields": {"action_time": "2023-08-12T10:50:25.689Z", "user": 1, "content_type": 12, "object_id": "49", "object_repr": "Order object (49)", "action_flag": 3, "change_message": ""}}, {"model": "admin.logentry", "pk": 42, "fields": {"action_time": "2023-08-12T10:50:25.694Z", "user": 1, "content_type": 12, "object_id": "48", "object_repr": "Order object (48)", "action_flag": 3, "change_message": ""}}, {"model": "admin.logentry", "pk": 43, "fields": {"action_time": "2023-08-12T10:50:25.698Z", "user": 1, "content_type": 12, "object_id": "47", "object_repr": "Order object (47)", "action_flag": 3, "change_message": ""}}, {"model": "admin.logentry", "pk": 44, "fields": {"action_time": "2023-08-12T10:50:25.703Z", "user": 1, "content_type": 12, "object_id": "46", "object_repr": "Order object (46)", "action_flag": 3, "change_message": ""}}, {"model": "admin.logentry", "pk": 45, "fields": {"action_time": "2023-08-12T10:50:25.709Z", "user": 1, "content_type": 12, "object_id": "45", "object_repr": "Order object (45)", "action_flag": 3, "change_message": ""}}, {"model": "admin.logentry", "pk": 46, "fields": {"action_time": "2023-08-12T10:50:25.713Z", "user": 1, "content_type": 12, "object_id": "44", "object_repr": "Order object (44)", "action_flag": 3, "change_message": ""}}, {"model": "admin.logentry", "pk": 47, "fields": {"action_time": "2023-08-12T10:53:54.977Z", "user": 1, "content_type": 1, "object_id": "1", "object_repr": "Стейкхаус", "action_flag": 2, "change_message": "[{\"changed\": {\"fields\": [\"\\u0426\\u0435\\u043d\\u0430\"]}}]"}}, {"model": "admin.logentry", "pk": 48, "fields": {"action_time": "2023-08-12T10:54:07.023Z", "user": 1, "content_type": 1, "object_id": "1", "object_repr": "Стейкхаус", "action_flag": 2, "change_message": "[{\"changed\": {\"fields\": [\"\\u0426\\u0435\\u043d\\u0430\"]}}]"}}, {"model": "admin.logentry", "pk": 49, "fields": {"action_time": "2023-08-12T10:54:25.694Z", "user": 1, "content_type": 12, "object_id": "43", "object_repr": "Order object (43)", "action_flag": 2, "change_message": "[{\"changed\": {\"fields\": [\"\\u0418\\u043c\\u044f\"]}}]"}}, {"model": "admin.logentry", "pk": 50, "fields": {"action_time": "2023-08-12T10:55:56.936Z", "user": 1, "content_type": 1, "object_id": "1", "object_repr": "Стейкхаус", "action_flag": 2, "change_message": "[{\"changed\": {\"fields\": [\"\\u0426\\u0435\\u043d\\u0430\"]}}]"}}, {"model": "admin.logentry", "pk": 51, "fields": {"action_time": "2023-08-13T11:53:51.511Z", "user": 1, "content_type": 12, "object_id": "24", "object_repr": "Order object (24)", "action_flag": 2, "change_message": "[]"}}, {"model": "admin.logentry", "pk": 52, "fields": {"action_time": "2023-08-13T11:54:02.923Z", "user": 1, "content_type": 12, "object_id": "24", "object_repr": "Order object (24)", "action_flag": 2, "change_message": "[{\"changed\": {\"name\": \"order product\", \"object\": \"OrderProduct object (11)\", \"fields\": [\"Price\"]}}]"}}, {"model": "admin.logentry", "pk": 53, "fields": {"action_time": "2023-08-13T11:54:29.372Z", "user": 1, "content_type": 12, "object_id": "24", "object_repr": "Order object (24)", "action_flag": 2, "change_message": "[{\"changed\": {\"name\": \"order product\", \"object\": \"OrderProduct object (11)\", \"fields\": [\"Price\"]}}]"}}, {"model": "admin.logentry", "pk": 54, "fields": {"action_time": "2023-08-13T11:54:54.426Z", "user": 1, "content_type": 12, "object_id": "26", "object_repr": "Order object (26)", "action_flag": 2, "change_message": "[{\"changed\": {\"name\": \"order product\", \"object\": \"OrderProduct object (14)\", \"fields\": [\"Price\"]}}]"}}, {"model": "admin.logentry", "pk": 55, "fields": {"action_time": "2023-08-13T12:11:36.756Z", "user": 1, "content_type": 12, "object_id": "24", "object_repr": "Order object (24)", "action_flag": 2, "change_message": "[]"}}, {"model": "admin.logentry", "pk": 56, "fields": {"action_time": "2023-08-13T12:19:58.461Z", "user": 1, "content_type": 12, "object_id": "24", "object_repr": "Order object (24)", "action_flag": 2, "change_message": "[{\"changed\": {\"name\": \"order product\", \"object\": \"OrderProduct object (11)\", \"fields\": [\"Price\"]}}]"}}, {"model": "admin.logentry", "pk": 57, "fields": {"action_time": "2023-08-13T12:21:45.591Z", "user": 1, "content_type": 12, "object_id": "24", "object_repr": "Order object (24)", "action_flag": 2, "change_message": "[{\"changed\": {\"name\": \"order product\", \"object\": \"OrderProduct object (11)\", \"fields\": [\"Price\"]}}]"}}, {"model": "admin.logentry", "pk": 58, "fields": {"action_time": "2023-08-13T13:43:12.685Z", "user": 1, "content_type": 12, "object_id": "24", "object_repr": "Order object (24)", "action_flag": 2, "change_message": "[{\"changed\": {\"fields\": [\"\\u0421\\u0442\\u0430\\u0442\\u0443\\u0441\"]}}]"}}, {"model": "admin.logentry", "pk": 59, "fields": {"action_time": "2023-08-13T13:43:32.892Z", "user": 1, "content_type": 12, "object_id": "24", "object_repr": "Order object (24)", "action_flag": 2, "change_message": "[{\"changed\": {\"fields\": [\"\\u0421\\u0442\\u0430\\u0442\\u0443\\u0441\"]}}]"}}, {"model": "admin.logentry", "pk": 60, "fields": {"action_time": "2023-08-13T13:44:02.107Z", "user": 1, "content_type": 12, "object_id": "24", "object_repr": "Order object (24)", "action_flag": 2, "change_message": "[{\"changed\": {\"fields\": [\"\\u0421\\u0442\\u0430\\u0442\\u0443\\u0441\"]}}]"}}, {"model": "admin.logentry", "pk": 61, "fields": {"action_time": "2023-08-13T13:44:09.903Z", "user": 1, "content_type": 12, "object_id": "24", "object_repr": "Order object (24)", "action_flag": 2, "change_message": "[{\"changed\": {\"fields\": [\"\\u0421\\u0442\\u0430\\u0442\\u0443\\u0441\"]}}]"}}, {"model": "admin.logentry", "pk": 62, "fields": {"action_time": "2023-08-13T13:46:16.045Z", "user": 1, "content_type": 12, "object_id": "24", "object_repr": "Order object (24)", "action_flag": 2, "change_message": "[{\"changed\": {\"fields\": [\"\\u0421\\u0442\\u0430\\u0442\\u0443\\u0441\"]}}]"}}, {"model": "admin.logentry", "pk": 63, "fields": {"action_time": "2023-08-13T13:46:24.072Z", "user": 1, "content_type": 12, "object_id": "24", "object_repr": "Order object (24)", "action_flag": 2, "change_message": "[{\"changed\": {\"fields\": [\"\\u0421\\u0442\\u0430\\u0442\\u0443\\u0441\"]}}]"}}, {"model": "admin.logentry", "pk": 64, "fields": {"action_time": "2023-08-13T13:51:33.731Z", "user": 1, "content_type": 12, "object_id": "24", "object_repr": "Order object (24)", "action_flag": 2, "change_message": "[{\"changed\": {\"fields\": [\"Comment\"]}}]"}}, {"model": "admin.logentry", "pk": 65, "fields": {"action_time": "2023-08-13T13:51:48.683Z", "user": 1, "content_type": 12, "object_id": "24", "object_repr": "Order object (24)", "action_flag": 2, "change_message": "[{\"changed\": {\"fields\": [\"Comment\"]}}]"}}, {"model": "admin.logentry", "pk": 66, "fields": {"action_time": "2023-08-13T14:35:35.019Z", "user": 1, "content_type": 12, "object_id": "24", "object_repr": "Order object (24)", "action_flag": 2, "change_message": "[{\"changed\": {\"fields\": [\"\\u0421\\u043f\\u043e\\u0441\\u043e\\u0431 \\u043e\\u043f\\u043b\\u0430\\u0442\\u044b\"]}}]"}}, {"model": "admin.logentry", "pk": 67, "fields": {"action_time": "2023-08-14T10:58:50.378Z", "user": 1, "content_type": 12, "object_id": "24", "object_repr": "Order object (24)", "action_flag": 2, "change_message": "[{\"added\": {\"name\": \"order product\", \"object\": \"OrderProduct object (37)\"}}]"}}, {"model": "admin.logentry", "pk": 68, "fields": {"action_time": "2023-08-14T11:28:50.194Z", "user": 1, "content_type": 2, "object_id": "3", "object_repr": "Star Burger Европейский", "action_flag": 2, "change_message": "[{\"added\": {\"name\": \"\\u043f\\u0443\\u043d\\u043a\\u0442 \\u043c\\u0435\\u043d\\u044e \\u0440\\u0435\\u0441\\u0442\\u043e\\u0440\\u0430\\u043d\\u0430\", \"object\": \"Star Burger \\u0415\\u0432\\u0440\\u043e\\u043f\\u0435\\u0439\\u0441\\u043a\\u0438\\u0439 - \\u041b\\u043e\\u043d\\u0433 \\u0427\\u0438\\u0437\\u0431\\u0443\\u0440\\u0433\\u0435\\u0440\"}}]"}}, {"model": "admin.logentry", "pk": 69, "fields": {"action_time": "2023-08-14T11:35:06.746Z", "user": 1, "content_type": 2, "object_id": "3", "object_repr": "Star Burger Европейский", "action_flag": 2, "change_message": "[{\"changed\": {\"name\": \"\\u043f\\u0443\\u043d\\u043a\\u0442 \\u043c\\u0435\\u043d\\u044e \\u0440\\u0435\\u0441\\u0442\\u043e\\u0440\\u0430\\u043d\\u0430\", \"object\": \"Star Burger \\u0415\\u0432\\u0440\\u043e\\u043f\\u0435\\u0439\\u0441\\u043a\\u0438\\u0439 - \\u041b\\u043e\\u043d\\u0433 \\u0427\\u0438\\u0437\\u0431\\u0443\\u0440\\u0433\\u0435\\u0440\", \"fields\": [\"\\u0412 \\u043f\\u0440\\u043e\\u0434\\u0430\\u0436\\u0435\"]}}]"}}, {"model": "admin.logentry", "pk": 70, "fields": {"action_time": "2023-08-14T11:35:44.605Z", "user": 1, "content_type": 2, "object_id": "3", "object_repr": "Star Burger Европейский", "action_flag": 2, "change_message": "[{\"changed\": {\"name\": \"\\u043f\\u0443\\u043d\\u043a\\u0442 \\u043c\\u0435\\u043d\\u044e \\u0440\\u0435\\u0441\\u0442\\u043e\\u0440\\u0430\\u043d\\u0430\", \"object\": \"Star Burger \\u0415\\u0432\\u0440\\u043e\\u043f\\u0435\\u0439\\u0441\\u043a\\u0438\\u0439 - \\u041b\\u043e\\u043d\\u0433 \\u0427\\u0438\\u0437\\u0431\\u0443\\u0440\\u0433\\u0435\\u0440\", \"fields\": [\"\\u0412 \\u043f\\u0440\\u043e\\u0434\\u0430\\u0436\\u0435\"]}}]"}}, {"model": "admin.logentry", "pk": 71, "fields": {"action_time": "2023-08-15T10:45:07.743Z", "user": 1, "content_type": 12, "object_id": "24", "object_repr": "Order object (24)", "action_flag": 2, "change_message": "[{\"changed\": {\"fields\": [\"\\u0420\\u0435\\u0441\\u0442\\u043e\\u0440\\u0430\\u043d \\u043f\\u0440\\u0438\\u0433\\u043e\\u0442\\u043e\\u0432\\u043b\\u0435\\u043d\\u0438\\u044f\"]}}]"}}, {"model": "admin.logentry", "pk": 72, "fields": {"action_time": "2023-08-15T14:40:16.054Z", "user": 1, "content_type": 12, "object_id": "24", "object_repr": "Order object (24)", "action_flag": 2, "change_message": "[{\"changed\": {\"fields\": [\"\\u0420\\u0435\\u0441\\u0442\\u043e\\u0440\\u0430\\u043d \\u043f\\u0440\\u0438\\u0433\\u043e\\u0442\\u043e\\u0432\\u043b\\u0435\\u043d\\u0438\\u044f\"]}}]"}}, {"model": "admin.logentry", "pk": 73, "fields": {"action_time": "2023-08-15T14:41:19.766Z", "user": 1, "content_type": 12, "object_id": "24", "object_repr": "Order object (24)", "action_flag": 2, "change_message": "[{\"changed\": {\"fields\": [\"\\u0420\\u0435\\u0441\\u0442\\u043e\\u0440\\u0430\\u043d \\u043f\\u0440\\u0438\\u0433\\u043e\\u0442\\u043e\\u0432\\u043b\\u0435\\u043d\\u0438\\u044f\"]}}]"}}, {"model": "auth.permission", "pk": 1, "fields": {"name": "Can add товар", "content_type": 1, "codename": "add_product"}}, {"model": "auth.permission", "pk": 2, "fields": {"name": "Can change товар", "content_type": 1, "codename": "change_product"}}, {"model": "auth.permission", "pk": 3, "fields": {"name": "Can delete товар", "content_type": 1, "codename": "delete_product"}}, {"model": "auth.permission", "pk": 4, "fields": {"name": "Can view товар", "content_type": 1, "codename": "view_product"}}, {"model": "auth.permission", "pk": 5, "fields": {"name": "Can add ресторан", "content_type": 2, "codename": "add_restaurant"}}, {"model": "auth.permission", "pk": 6, "fields": {"name": "Can change ресторан", "content_type": 2, "codename": "change_restaurant"}}, {"model": "auth.permission", "pk": 7, "fields": {"name": "Can delete ресторан", "content_type": 2, "codename": "delete_restaurant"}}, {"model": "auth.permission", "pk": 8, "fields": {"name": "Can view ресторан", "content_type": 2, "codename": "view_restaurant"}}, {"model": "auth.permission", "pk": 9, "fields": {"name": "Can add пункт меню ресторана", "content_type": 3, "codename": "add_restaurantmenuitem"}}, {"model": "auth.permission", "pk": 10, "fields": {"name": "Can change пункт меню ресторана", "content_type": 3, "codename": "change_restaurantmenuitem"}}, {"model": "auth.permission", "pk": 11, "fields": {"name": "Can delete пункт меню ресторана", "content_type": 3, "codename": "delete_restaurantmenuitem"}}, {"model": "auth.permission", "pk": 12, "fields": {"name": "Can view пункт меню ресторана", "content_type": 3, "codename": "view_restaurantmenuitem"}}, {"model": "auth.permission", "pk": 13, "fields": {"name": "Can add категория", "content_type": 4, "codename": "add_productcategory"}}, {"model": "auth.permission", "pk": 14, "fields": {"name": "Can change категория", "content_type": 4, "codename": "change_productcategory"}}, {"model": "auth.permission", "pk": 15, "fields": {"name": "Can delete категория", "content_type": 4, "codename": "delete_productcategory"}}, {"model": "auth.permission", "pk": 16, "fields": {"name": "Can view категория", "content_type": 4, "codename": "view_productcategory"}}, {"model": "auth.permission", "pk": 17, "fields": {"name": "Can add log entry", "content_type": 5, "codename": "add_logentry"}}, {"model": "auth.permission", "pk": 18, "fields": {"name": "Can change log entry", "content_type": 5, "codename": "change_logentry"}}, {"model": "auth.permission", "pk": 19, "fields": {"name": "Can delete log entry", "content_type": 5, "codename": "delete_logentry"}}, {"model": "auth.permission", "pk": 20, "fields": {"name": "Can view log entry", "content_type": 5, "codename": "view_logentry"}}, {"model": "auth.permission", "pk": 21, "fields": {"name": "Can add permission", "content_type": 6, "codename": "add_permission"}}, {"model": "auth.permission", "pk": 22, "fields": {"name": "Can change permission", "content_type": 6, "codename": "change_permission"}}, {"model": "auth.permission", "pk": 23, "fields": {"name": "Can delete permission", "content_type": 6, "codename": "delete_permission"}}, {"model": "auth.permission", "pk": 24, "fields": {"name": "Can view permission", "content_type": 6, "codename": "view_permission"}}, {"model": "auth.permission", "pk": 25, "fields": {"name": "Can add group", "content_type": 7, "codename": "add_group"}}, {"model": "auth.permission", "pk": 26, "fields": {"name": "Can change group", "content_type": 7, "codename": "change_group"}}, {"model": "auth.permission", "pk": 27, "fields": {"name": "Can delete group", "content_type": 7, "codename": "delete_group"}}, {"model": "auth.permission", "pk": 28, "fields": {"name": "Can view group", "content_type": 7, "codename": "view_group"}}, {"model": "auth.permission", "pk": 29, "fields": {"name": "Can add user", "content_type": 8, "codename": "add_user"}}, {"model": "auth.permission", "pk": 30, "fields": {"name": "Can change user", "content_type": 8, "codename": "change_user"}}, {"model": "auth.permission", "pk": 31, "fields": {"name": "Can delete user", "content_type": 8, "codename": "delete_user"}}, {"model": "auth.permission", "pk": 32, "fields": {"name": "Can view user", "content_type": 8, "codename": "view_user"}}, {"model": "auth.permission", "pk": 33, "fields": {"name": "Can add content type", "content_type": 9, "codename": "add_contenttype"}}, {"model": "auth.permission", "pk": 34, "fields": {"name": "Can change content type", "content_type": 9, "codename": "change_contenttype"}}, {"model": "auth.permission", "pk": 35, "fields": {"name": "Can delete content type", "content_type": 9, "codename": "delete_contenttype"}}, {"model": "auth.permission", "pk": 36, "fields": {"name": "Can view content type", "content_type": 9, "codename": "view_contenttype"}}, {"model": "auth.permission", "pk": 37, "fields": {"name": "Can add session", "content_type": 10, "codename": "add_session"}}, {"model": "auth.permission", "pk": 38, "fields": {"name": "Can change session", "content_type": 10, "codename": "change_session"}}, {"model": "auth.permission", "pk": 39, "fields": {"name": "Can delete session", "content_type": 10, "codename": "delete_session"}}, {"model": "auth.permission", "pk": 40, "fields": {"name": "Can view session", "content_type": 10, "codename": "view_session"}}, {"model": "auth.permission", "pk": 41, "fields": {"name": "Can add order product", "content_type": 11, "codename": "add_orderproduct"}}, {"model": "auth.permission", "pk": 42, "fields": {"name": "Can change order product", "content_type": 11, "codename": "change_orderproduct"}}, {"model": "auth.permission", "pk": 43, "fields": {"name": "Can delete order product", "content_type": 11, "codename": "delete_orderproduct"}}, {"model": "auth.permission", "pk": 44, "fields": {"name": "Can view order product", "content_type": 11, "codename": "view_orderproduct"}}, {"model": "auth.permission", "pk": 45, "fields": {"name": "Can add order", "content_type": 12, "codename": "add_order"}}, {"model": "auth.permission", "pk": 46, "fields": {"name": "Can change order", "content_type": 12, "codename": "change_order"}}, {"model": "auth.permission", "pk": 47, "fields": {"name": "Can delete order", "content_type": 12, "codename": "delete_order"}}, {"model": "auth.permission", "pk": 48, "fields": {"name": "Can view order", "content_type": 12, "codename": "view_order"}}, {"model": "auth.permission", "pk": 49, "fields": {"name": "Can add place", "content_type": 13, "codename": "add_place"}}, {"model": "auth.permission", "pk": 50, "fields": {"name": "Can change place", "content_type": 13, "codename": "change_place"}}, {"model": "auth.permission", "pk": 51, "fields": {"name": "Can delete place", "content_type": 13, "codename": "delete_place"}}, {"model": "auth.permission", "pk": 52, "fields": {"name": "Can view place", "content_type": 13, "codename": "view_place"}}, {"model": "auth.user", "pk": 1, "fields": {"password": "pbkdf2_sha256$260000$XwxuEtMpnZrruztOP0ojnb$VGkBqv82vF+4RvnaAhX4XfK9OBQR6+Or5cNdyij3zjk=", "last_login": "2023-09-02T17:45:35.074Z", "is_superuser": true, "username": "root", "first_name": "", "last_name": "", "email": "", "is_staff": true, "is_active": true, "date_joined": "2023-08-07T05:41:17.364Z", "groups": [], "user_permissions": []}}, {"model": "contenttypes.contenttype", "pk": 1, "fields": {"app_label": "foodcartapp", "model": "product"}}, {"model": "contenttypes.contenttype", "pk": 2, "fields": {"app_label": "foodcartapp", "model": "restaurant"}}, {"model": "contenttypes.contenttype", "pk": 3, "fields": {"app_label": "foodcartapp", "model": "restaurantmenuitem"}}, {"model": "contenttypes.contenttype", "pk": 4, "fields": {"app_label": "foodcartapp", "model": "productcategory"}}, {"model": "contenttypes.contenttype", "pk": 5, "fields": {"app_label": "admin", "model": "logentry"}}, {"model": "contenttypes.contenttype", "pk": 6, "fields": {"app_label": "auth", "model": "permission"}}, {"model": "contenttypes.contenttype", "pk": 7, "fields": {"app_label": "auth", "model": "group"}}, {"model": "contenttypes.contenttype", "pk": 8, "fields": {"app_label": "auth", "model": "user"}}, {"model": "contenttypes.contenttype", "pk": 9, "fields": {"app_label": "contenttypes", "model": "contenttype"}}, {"model": "contenttypes.contenttype", "pk": 10, "fields": {"app_label": "sessions", "model": "session"}}, {"model": "contenttypes.contenttype", "pk": 11, "fields": {"app_label": "foodcartapp", "model": "orderproduct"}}, {"model": "contenttypes.contenttype", "pk": 12, "fields": {"app_label": "foodcartapp", "model": "order"}}, {"model": "contenttypes.contenttype", "pk": 13, "fields": {"app_label": "places", "model": "place"}}, {"model": "sessions.session", "pk": "4sy0e9k5gzzx86dkky4w90y4gw881x1j", "fields": {"session_data": ".eJxVjEEOwiAQRe_C2pDCAFNduu8ZyACDVA0kpV0Z765NutDtf-_9l_C0rcVvnRc_J3ERSpx-t0DxwXUH6U711mRsdV3mIHdFHrTLqSV-Xg_376BQL98asuWAZhhHBM0cgh4iZnSsjQOKYFBHJlSgrKPsrMpGR5PPRBaS0ijeH90GN5s:1qTLCk:bRGRtr_9T9fGu2qDBs9PBwHAu-VU2K8e3yqHsh2ntn4", "expire_date": "2023-08-22T11:48:50.689Z"}}, {"model": "sessions.session", "pk": "4vk2at69t3ozmd7jcseaqu960c0cva7w", "fields": {"session_data": ".eJxVjEEOwiAQRe_C2pDCAFNduu8ZyACDVA0kpV0Z765NutDtf-_9l_C0rcVvnRc_J3ERSpx-t0DxwXUH6U711mRsdV3mIHdFHrTLqSV-Xg_376BQL98asuWAZhhHBM0cgh4iZnSsjQOKYFBHJlSgrKPsrMpGR5PPRBaS0ijeH90GN5s:1qcUgh:l72h-oejj1eJDW3Fl96VRbSRpztq2t3vrJZ0NpnBE2I", "expire_date": "2023-09-16T17:45:35.075Z"}}, {"model": "sessions.session", "pk": "akwkc9we138q0yc852zj66thvjzsiq2v", "fields": {"session_data": ".eJxVjEEOwiAQRe_C2pDCAFNduu8ZyACDVA0kpV0Z765NutDtf-_9l_C0rcVvnRc_J3ERSpx-t0DxwXUH6U711mRsdV3mIHdFHrTLqSV-Xg_376BQL98asuWAZhhHBM0cgh4iZnSsjQOKYFBHJlSgrKPsrMpGR5PPRBaS0ijeH90GN5s:1qU9Hf:_vTnSN8w0DxeFS7NK3zFPvp8DetZhUwBWHWuwRdEx3A", "expire_date": "2023-08-24T17:17:15.596Z"}}, {"model": "sessions.session", "pk": "s3wln1130dup3xraunuzh98a3a4dkad1", "fields": {"session_data": ".eJxVjEEOwiAQRe_C2pDCAFNduu8ZyACDVA0kpV0Z765NutDtf-_9l_C0rcVvnRc_J3ERSpx-t0DxwXUH6U711mRsdV3mIHdFHrTLqSV-Xg_376BQL98asuWAZhhHBM0cgh4iZnSsjQOKYFBHJlSgrKPsrMpGR5PPRBaS0ijeH90GN5s:1qVrLZ:mbGOz1Duwh1XEV9lj-8u6sOQ1yv1uB9nBnz9T0VA9Hg", "expire_date": "2023-08-29T10:32:21.240Z"}}, {"model": "sessions.session", "pk": "w3q2vskq8q3lgen747esmo4nug0axr4o", "fields": {"session_data": ".eJxVjEEOwiAQRe_C2pDCAFNduu8ZyACDVA0kpV0Z765NutDtf-_9l_C0rcVvnRc_J3ERSpx-t0DxwXUH6U711mRsdV3mIHdFHrTLqSV-Xg_376BQL98asuWAZhhHBM0cgh4iZnSsjQOKYFBHJlSgrKPsrMpGR5PPRBaS0ijeH90GN5s:1qTe7t:wdhtsycO7pImZS8gJx5PyMaDcT17P_rw9SbFBAi5B9M", "expire_date": "2023-08-23T08:01:05.764Z"}}]